lib_id,name,species,class,formula,smiles,mass,adducts,score,rarity,chains,frag_mz,frag_label,frag_w,frag_type,provenance
avanti_791648,15:0-18:1(d7)-15:0 TG,TG 15:0/18:1(9Z);d7/15:0,TG,C51H89D7O6,[2H]C([2H])([2H])C([2H])([2H])C([2H])([2H])CCCCC/C=C\CCCCCCCC(=O)OC(COC(=O)CCCCCCCCCCCCCC)COC(=O)CCCCCCCCCCCCCC,829.798454,[M+NH4]+,1,0,3,523.472087|570.547324,NL-chain-18:1<FA>|NL-chain-15:0<FA>,40.0|60.0,1234|1234,Avanti EquiSPLASH 330731; LipidOracle built-in TG NH4 CID v1
avanti_791637,15:0-18:1(d7) PC,PC 15:0/18:1(9Z);d7,PC,C41H73D7NO8P,[2H]C([2H])([2H])C([2H])([2H])C([2H])([2H])CCCCC/C=C\CCCCCCCC(=O)O[C@H](COC(=O)CCCCCCCCCCCCCC)COP(=O)([O-])OCC[N+](C)(C)C,770.639919,[M+NH4]+,1,0,2,86.096400|104.107700|184.073300|482.324116,DehydroCho|Cho|PCho|NL-sn2-18:1<ketene>,20.0|20.0|100.0|40.0,0|0|0|2,Avanti EquiSPLASH 330731; LipidOracle built-in PC NH4 CID v1
avanti_791637,15:0-18:1(d7) PC,PC 15:0/18:1(9Z);d7,PC,C41H73D7NO8P,[2H]C([2H])([2H])C([2H])([2H])C([2H])([2H])CCCCC/C=C\CCCCCCCC(=O)O[C@H](COC(=O)CCCCCCCCCCCCCC)COP(=O)([O-])OCC[N+](C)(C)C,753.613369,[M+H]+,1,0,2,86.096400|104.107700|184.073300|482.324116,DehydroCho|Cho|PCho|NL-sn2-18:1<ketene>,20.0|20.0|100.0|40.0,0|0|0|2,Avanti EquiSPLASH 330731; LipidOracle theoretical CID v1
avanti_791637,15:0-18:1(d7) PC,PC 15:0/18:1(9Z);d7,PC,C41H73D7NO8P,[2H]C([2H])([2H])C([2H])([2H])C([2H])([2H])CCCCC/C=C\CCCCCCCC(=O)O[C@H](COC(=O)CCCCCCCCCCCCCC)COP(=O)([O-])OCC[N+](C)(C)C,775.595314,[M+Na]+,1,0,2,86.096400|104.107700|184.073300|504.306060,DehydroCho|Cho|PCho|NL-sn2-18:1<ketene>,20.0|20.0|100.0|40.0,0|0|0|2,Avanti EquiSPLASH 330731; LipidOracle built-in PC Na CID v1
avanti_791637,15:0-18:1(d7) PC,PC 15:0/18:1(9Z);d7,PC,C41H73D7NO8P,[2H]C([2H])([2H])C([2H])([2H])C([2H])([2H])CCCCC/C=C\CCCCCCCC(=O)O[C@H](COC(=O)CCCCCCCCCCCCCC)COP(=O)([O-])OCC[N+](C)(C)C,751.598817,[M-H]-,1,0,2,78.959300|88.076800|168.043100|231.113237|241.217304|242.079900|288.292541|466.293913|513.369151|736.575316,PO3|Cho-CH3|PCho-CH3|NL-FA-CH3[d7]|15:0|GPCho-CH3|18:1[d7]|NL-18:1<ketene>|NL-15:0<ketene>[d7]|NL-CH3[d7],20.0|20.0|20.0|20.0|20.0|20.0|40.0|20.0|20.0|20.0,0|0|0|0|1234|0|1234|2|2|0,Avanti EquiSPLASH 330731; LipidOracle theoretical CID v1
avanti_791643,18:1(d7) LPC,LPC 18:1(9Z);d7/0:0,LPC,C26H45D7NO7P,[2H]C([2H])([2H])C([2H])([2H])C([2H])([2H])CCCCC/C=C\CCCCCCCC(=O)OC[C@@H](O)COP(=O)([O-])OCC[N+](C)(C)C,529.399353,[M+H]+,1,0,1,86.096400|104.107000|124.999700|184.073300|240.099536,DehydroCho|Cho|DimethylP|PCho|NL-chain-18:1<FA>,20.0|20.0|20.0|100.0|20.0,0|0|0|0|1234,Avanti EquiSPLASH 330731; LipidOracle theoretical CID v1
avanti_791643,18:1(d7) LPC,LPC 18:1(9Z);d7/0:0,LPC,C26H45D7NO7P,[2H]C([2H])([2H])C([2H])([2H])C([2H])([2H])CCCCC/C=C\CCCCCCCC(=O)OC[C@@H](O)COP(=O)([O-])OCC[N+](C)(C)C,527.384801,[M-H]-,1,0,1,78.959300|88.076800|168.043100|231.113237|242.079900|288.292541|512.361301,PO3|Cho-CH3|PCho-CH3|NL-FA-CH3[d7]|GPCho-CH3|18:1[d7]|NL-CH3[d7],20.0|20.0|20.0|20.0|20.0|20.0|20.0,0|0|0|0|0|1234|0,Avanti EquiSPLASH 330731; LipidOracle theoretical CID v1
avanti_791638,15:0-18:1(d7) PE,PE 15:0/18:1(9Z);d7,PE,C38H67D7NO8P,[2H]C([2H])([2H])C([2H])([2H])C([2H])([2H])CCCCC/C=C\CCCCCCCC(=O)O[C@H](COC(=O)CCCCCCCCCCCCCC)COP(=O)([O-])OCC[NH3+],728.592969,[M+NH4]+,1,0,2,63.067900|142.026200|225.221292|230.078800|272.296529|570.543319,Eth|PEth|15:0<acylium>|GPEth-PO3-H2O|18:1<acylium>[d7]|NL-Eth-PO3[d7],20.0|20.0|40.0|20.0|40.0|100.0,0|0|1234|0|1234|0,Avanti EquiSPLASH 330731; LipidOracle built-in PE NH4 CID v1
avanti_791638,15:0-18:1(d7) PE,PE 15:0/18:1(9Z);d7,PE,C38H67D7NO8P,[2H]C([2H])([2H])C([2H])([2H])C([2H])([2H])CCCCC/C=C\CCCCCCCC(=O)O[C@H](COC(=O)CCCCCCCCCCCCCC)COP(=O)([O-])OCC[NH3+],711.566419,[M+H]+,1,0,2,63.067900|142.026200|225.221292|230.078800|272.296529|570.543319,Eth|PEth|15:0<acylium>|GPEth-PO3-H2O|18:1<acylium>[d7]|NL-Eth-PO3[d7],20.0|20.0|40.0|20.0|40.0|100.0,0|0|1234|0|1234|0,Avanti EquiSPLASH 330731; LipidOracle theoretical CID v1
avanti_791638,15:0-18:1(d7) PE,PE 15:0/18:1(9Z);d7,PE,C38H67D7NO8P,[2H]C([2H])([2H])C([2H])([2H])C([2H])([2H])CCCCC/C=C\CCCCCCCC(=O)O[C@H](COC(=O)CCCCCCCCCCCCCC)COP(=O)([O-])OCC[NH3+],733.548364,[M+Na]+,1,0,2,63.067900|142.026200|225.221292|230.078800|272.296529|592.525263,Eth|PEth|15:0<acylium>|GPEth-PO3-H2O|18:1<acylium>[d7]|NL-Eth-PO3[d7],20.0|20.0|40.0|20.0|40.0|100.0,0|0|1234|0|1234|0,Avanti EquiSPLASH 330731; LipidOracle built-in PE Na CID v1
avanti_791638,15:0-18:1(d7) PE,PE 15:0/18:1(9Z);d7,PE,C38H67D7NO8P,[2H]C([2H])([2H])C([2H])([2H])C([2H])([2H])CCCCC/C=C\CCCCCCCC(=O)O[C@H](COC(=O)CCCCCCCCCCCCCC)COP(=O)([O-])OCC[NH3+],709.551867,[M-H]-,1,0,2,60.045500|104.071700|140.011800|196.037400|214.048600|241.217304|288.292541|438.262613|485.337851|694.528366,Eth|DiEth|PEth|PEth-ethane|GlyPEth|15:0|18:1[d7]|NL-chain-18:1<ketene>|NL-chain-15:0<ketene>[d7]|NL-CH3[d7],10.0|20.0|20.0|100.0|20.0|20.0|40.0|40.0|40.0|10.0,0|0|0|0|0|1234|1234|1234|1234|0,Avanti EquiSPLASH 330731; LipidOracle theoretical CID v1
avanti_791644,18:1(d7) LPE,LPE 18:1(9Z);d7/0:0,LPE,C23H39D7NO7P,[2H]C([2H])([2H])C([2H])([2H])C([2H])([2H])CCCCC/C=C\CCCCCCCC(=O)OC[C@@H](O)COP(=O)([O-])OCC[NH3+],487.352403,[M+H]+,1,0,1,62.060000|198.052586|315.338703|346.329303|426.298303|469.341803,Eth|NL-chain-18:1<FA>|NL-Gly-PO3-H2O[d7]|NL-Eth-PO3[d7]|NL-Eth[d7]|NL-H2O[d7],20.0|20.0|5.0|100.0|20.0|20.0,0|1234|0|0|0|0,Avanti EquiSPLASH 330731; LipidOracle theoretical CID v1
avanti_791644,18:1(d7) LPE,LPE 18:1(9Z);d7/0:0,LPE,C23H39D7NO7P,[2H]C([2H])([2H])C([2H])([2H])C([2H])([2H])CCCCC/C=C\CCCCCCCC(=O)OC[C@@H](O)COP(=O)([O-])OCC[NH3+],485.337851,[M-H]-,1,0,1,60.045500|104.071700|140.011800|196.037400|288.292541|470.314351,Eth|DiEth|PEth|PEth-ethane|18:1[d7]|NL-CH3[d7],20.0|20.0|20.0|100.0|20.0|20.0,0|0|0|0|1234|0,Avanti EquiSPLASH 330731; LipidOracle theoretical CID v1
avanti_791640,15:0-18:1(d7) PG,PG 15:0/18:1(9Z);d7,PG,C39H68D7O10P,[2H]C([2H])([2H])C([2H])([2H])C([2H])([2H])CCCCC/C=C\CCCCCCCC(=O)O[C@H](COC(=O)CCCCCCCCCCCCCC)COP(=O)(O)OCC(O)CO,759.587549,[M+NH4]+,1,0,2,453.261182|500.336419,NL-chain-18:1<FA>|NL-chain-15:0<FA>[d7],20.0|20.0,1234|1234,Avanti EquiSPLASH 330731; LipidOracle built-in PG NH4 CID v1
avanti_791640,15:0-18:1(d7) PG,PG 15:0/18:1(9Z);d7,PG,C39H68D7O10P,[2H]C([2H])([2H])C([2H])([2H])C([2H])([2H])CCCCC/C=C\CCCCCCCC(=O)O[C@H](COC(=O)CCCCCCCCCCCCCC)COP(=O)(O)OCC(O)CO,742.560999,[M+H]+,1,0,2,453.261182|500.336419,NL-chain-18:1<FA>|NL-chain-15:0<FA>[d7],20.0|20.0,1234|1234,Avanti EquiSPLASH 330731; LipidOracle theoretical CID v1
avanti_791640,15:0-18:1(d7) PG,PG 15:0/18:1(9Z);d7,PG,C39H68D7O10P,[2H]C([2H])([2H])C([2H])([2H])C([2H])([2H])CCCCC/C=C\CCCCCCCC(=O)O[C@H](COC(=O)CCCCCCCCCCCCCC)COP(=O)(O)OCC(O)CO,764.542944,[M+Na]+,1,0,2,475.243126|522.318363,NL-chain-18:1<FA>|NL-chain-15:0<FA>[d7],20.0|20.0,1234|1234,Avanti EquiSPLASH 330731; LipidOracle built-in PG Na CID v1
avanti_791640,15:0-18:1(d7) PG,PG 15:0/18:1(9Z);d7,PG,C39H68D7O10P,[2H]C([2H])([2H])C([2H])([2H])C([2H])([2H])CCCCC/C=C\CCCCCCCC(=O)O[C@H](COC(=O)CCCCCCCCCCCCCC)COP(=O)(O)OCC(O)CO,740.546447,[M-H]-,1,0,2,91.040100|96.969400|171.006400|241.217304|288.292541|451.246629|498.321866,Gly|PO3|PGly|15:0|18:1[d7]|NL-chain-18:1<FA>|NL-chain-15:0<FA>[d7],10.0|10.0|100.0|20.0|40.0|40.0|40.0,0|0|0|1234|1234|1234|1234,Avanti EquiSPLASH 330731; LipidOracle theoretical CID v1
avanti_791641,15:0-18:1(d7) PI,PI 15:0/18:1(9Z);d7,PI,C42H72D7O13P,[2H]C([2H])([2H])C([2H])([2H])C([2H])([2H])CCCCC/C=C\CCCCCCCC(=O)O[C@H](COC(=O)CCCCCCCCCCCCCC)COP(=O)(O)O[C@H]1C(O)C(O)C(O)[C@@H](O)C1O,847.603593,[M+NH4]+,1,0,2,541.277226|563.503406|588.352463,NL-chain-18:1<FA>|NL PI|NL-chain-15:0<FA>[d7],20.0|20.0|20.0,1234|0|1234,Avanti EquiSPLASH 330731; LipidOracle built-in PI NH4 CID v1
avanti_791641,15:0-18:1(d7) PI,PI 15:0/18:1(9Z);d7,PI,C42H72D7O13P,[2H]C([2H])([2H])C([2H])([2H])C([2H])([2H])CCCCC/C=C\CCCCCCCC(=O)O[C@H](COC(=O)CCCCCCCCCCCCCC)COP(=O)(O)O[C@H]1C(O)C(O)C(O)[C@@H](O)C1O,830.577043,[M+H]+,1,0,2,541.277226|563.503406|588.352463,NL-chain-18:1<FA>|NL PI|NL-chain-15:0<FA>[d7],20.0|20.0|20.0,1234|0|1234,Avanti EquiSPLASH 330731; LipidOracle theoretical CID v1
avanti_791641,15:0-18:1(d7) PI,PI 15:0/18:1(9Z);d7,PI,C42H72D7O13P,[2H]C([2H])([2H])C([2H])([2H])C([2H])([2H])CCCCC/C=C\CCCCCCCC(=O)O[C@H](COC(=O)CCCCCCCCCCCCCC)COP(=O)(O)O[C@H]1C(O)C(O)C(O)[C@@H](O)C1O,852.558988,[M+Na]+,1,0,2,563.259170|585.485350|610.334407,NL-chain-18:1<FA>|NL PI|NL-chain-15:0<FA>[d7],20.0|20.0|20.0,1234|0|1234,Avanti EquiSPLASH 330731; LipidOracle built-in PI Na CID v1
avanti_791641,15:0-18:1(d7) PI,PI 15:0/18:1(9Z);d7,PI,C42H72D7O13P,[2H]C([2H])([2H])C([2H])([2H])C([2H])([2H])CCCCC/C=C\CCCCCCCC(=O)O[C@H](COC(=O)CCCCCCCCCCCCCC)COP(=O)(O)O[C@H]1C(O)C(O)C(O)[C@@H](O)C1O,828.562491,[M-H]-,1,0,2,78.959100|96.969600|152.995800|223.001300|241.011900|241.217304|259.022400|288.292541|297.037800|315.048200|539.262673|568.532790|586.337910|648.499090,PO3|H2PO4|GP-H2O|InsP-2H2O|InsP-H2O|15:0|InsP|18:1[d7]|GPIns-H2O|GPIns|NL-chain-18:1<FA>|NL-InsP[d7]|NL-chain-15:0<FA>[d7]|NL-Ins[d7],10.0|10.0|10.0|10.0|20.0|20.0|10.0|40.0|10.0|20.0|40.0|10.0|40.0|10.0,0|0|0|0|0|1234|0|1234|0|0|1234|0|1234|0,Avanti EquiSPLASH 330731; LipidOracle theoretical CID v1
avanti_791639,15:0-18:1(d7) PS,PS 15:0/18:1(9Z);d7,PS,C39H67D7NO10P,[2H]C([2H])([2H])C([2H])([2H])C([2H])([2H])CCCCC/C=C\CCCCCCCC(=O)O[C@H](COC(=O)CCCCCCCCCCCCCC)COP(=O)(O)OC[C@H]([NH3+])C(=O)[O-],772.582798,[M+NH4]+,1,0,2,106.050000|186.016200|225.221292|272.296529,Serine|PSer|15:0<acylium>|18:1<acylium>[d7],10.0|10.0|40.0|40.0,0|0|1234|1234,Avanti EquiSPLASH 330731; LipidOracle built-in PS NH4 CID v1
avanti_791639,15:0-18:1(d7) PS,PS 15:0/18:1(9Z);d7,PS,C39H67D7NO10P,[2H]C([2H])([2H])C([2H])([2H])C([2H])([2H])CCCCC/C=C\CCCCCCCC(=O)O[C@H](COC(=O)CCCCCCCCCCCCCC)COP(=O)(O)OC[C@H]([NH3+])C(=O)[O-],755.556248,[M+H]+,1,0,2,106.050000|186.016200|225.221292|272.296529,Serine|PSer|15:0<acylium>|18:1<acylium>[d7],10.0|10.0|40.0|40.0,0|0|1234|1234,Avanti EquiSPLASH 330731; LipidOracle theoretical CID v1
avanti_791639,15:0-18:1(d7) PS,PS 15:0/18:1(9Z);d7,PS,C39H67D7NO10P,[2H]C([2H])([2H])C([2H])([2H])C([2H])([2H])CCCCC/C=C\CCCCCCCC(=O)O[C@H](COC(=O)CCCCCCCCCCCCCC)COP(=O)(O)OC[C@H]([NH3+])C(=O)[O-],777.538193,[M+Na]+,1,0,2,106.050000|186.016200|225.221292|272.296529,Serine|PSer|15:0<acylium>|18:1<acylium>[d7],10.0|10.0|40.0|40.0,0|0|1234|1234,Avanti EquiSPLASH 330731; LipidOracle built-in PS Na CID v1
avanti_791639,15:0-18:1(d7) PS,PS 15:0/18:1(9Z);d7,PS,C39H67D7NO10P,[2H]C([2H])([2H])C([2H])([2H])C([2H])([2H])CCCCC/C=C\CCCCCCCC(=O)O[C@H](COC(=O)CCCCCCCCCCCCCC)COP(=O)(O)OC[C@H]([NH3+])C(=O)[O-],753.541696,[M-H]-,1,0,2,78.959300|96.969400|104.035300|152.995200|184.001600|240.027900|241.217304|288.292541|464.241878|511.317115|666.509695,PO3|H2PO4|Serine|PS-H2O|PSer|GPSerine|15:0|18:1[d7]|NL-chain-18:1<FA>|NL-chain-15:0<FA>[d7]|NL-Serine[d7],10.0|10.0|10.0|10.0|20.0|10.0|20.0|40.0|40.0|40.0|100.0,0|0|0|0|0|0|1234|1234|1234|1234|0,Avanti EquiSPLASH 330731; LipidOracle theoretical CID v1
avanti_791648,15:0-18:1(d7)-15:0 TG,TG 15:0/18:1(9Z);d7/15:0,TG,C51H89D7O6,[2H]C([2H])([2H])C([2H])([2H])C([2H])([2H])CCCCC/C=C\CCCCCCCC(=O)OC(COC(=O)CCCCCCCCCCCCCC)COC(=O)CCCCCCCCCCCCCC,812.771904,[M+H]+,1,0,3,523.472087|570.547324,NL-chain-18:1<FA>|NL-chain-15:0<FA>[d7],40.0|60.0,1234|1234,Avanti EquiSPLASH 330731; LipidOracle theoretical CID v1
avanti_791648,15:0-18:1(d7)-15:0 TG,TG 15:0/18:1(9Z);d7/15:0,TG,C51H89D7O6,[2H]C([2H])([2H])C([2H])([2H])C([2H])([2H])CCCCC/C=C\CCCCCCCC(=O)OC(COC(=O)CCCCCCCCCCCCCC)COC(=O)CCCCCCCCCCCCCC,834.753849,[M+Na]+,1,0,3,545.454031|592.529268,NL-chain-18:1<FA>|NL-chain-15:0<FA>[d7],40.0|60.0,1234|1234,Avanti EquiSPLASH 330731; LipidOracle built-in TG Na CID v1
avanti_791648,15:0-18:1(d7)-15:0 TG,TG 15:0/18:1(9Z);d7/15:0,TG,C51H89D7O6,[2H]C([2H])([2H])C([2H])([2H])C([2H])([2H])CCCCC/C=C\CCCCCCCC(=O)OC(COC(=O)CCCCCCCCCCCCCC)COC(=O)CCCCCCCCCCCCCC,810.757352,[M-H]-,1,0,3,241.217304|288.292541,15:0|18:1[d7],30.0|40.0,1234|1234,Avanti EquiSPLASH 330731; LipidOracle theoretical CID v1
avanti_791647,15:0-18:1(d7) DAG,DG 15:0/18:1(9Z);d7/0:0,DG,C36H61D7O5,[2H]C([2H])([2H])C([2H])([2H])C([2H])([2H])CCCCC/C=C\CCCCCCCC(=O)O[C@@H](CO)COC(=O)CCCCCCCCCCCCCC,605.584438,[M+NH4]+,1,0,2,299.258071|346.333309|570.547289,NL-chain-18:1<FA>|NL-chain-15:0<FA>[d7]|NL-H2O[d7],40.0|40.0|20.0,1234|1234|0,Avanti EquiSPLASH 330731; LipidOracle built-in DG NH4 CID v1
avanti_791647,15:0-18:1(d7) DAG,DG 15:0/18:1(9Z);d7/0:0,DG,C36H61D7O5,[2H]C([2H])([2H])C([2H])([2H])C([2H])([2H])CCCCC/C=C\CCCCCCCC(=O)O[C@@H](CO)COC(=O)CCCCCCCCCCCCCC,588.557888,[M+H]+,1,0,2,299.258071|346.333309|570.547289,NL-chain-18:1<FA>|NL-chain-15:0<FA>[d7]|NL-H2O[d7],40.0|40.0|20.0,1234|1234|0,Avanti EquiSPLASH 330731; LipidOracle theoretical CID v1
avanti_791647,15:0-18:1(d7) DAG,DG 15:0/18:1(9Z);d7/0:0,DG,C36H61D7O5,[2H]C([2H])([2H])C([2H])([2H])C([2H])([2H])CCCCC/C=C\CCCCCCCC(=O)O[C@@H](CO)COC(=O)CCCCCCCCCCCCCC,610.539833,[M+Na]+,1,0,2,321.240015|368.315253|592.529233,NL-chain-18:1<FA>|NL-chain-15:0<FA>[d7]|NL-H2O[d7],40.0|40.0|20.0,1234|1234|0,Avanti EquiSPLASH 330731; LipidOracle built-in DG Na CID v1
avanti_791647,15:0-18:1(d7) DAG,DG 15:0/18:1(9Z);d7/0:0,DG,C36H61D7O5,[2H]C([2H])([2H])C([2H])([2H])C([2H])([2H])CCCCC/C=C\CCCCCCCC(=O)O[C@@H](CO)COC(=O)CCCCCCCCCCCCCC,586.543336,[M-H]-,1,0,2,241.217304|288.292541,15:0|18:1[d7],20.0|40.0,1234|1234,Avanti EquiSPLASH 330731; LipidOracle theoretical CID v1
avanti_791646,18:1(d7) MAG,MG 18:1(9Z);d7/0:0/0:0,MG,C21H33D7O4,[2H]C([2H])([2H])C([2H])([2H])C([2H])([2H])CCCCC/C=C\CCCCCCCC(=O)OCC(O)CO,364.343873,[M+H]+,1,0,1,75.044056|346.333273,NL-chain-18:1<FA>|NL-H2O[d7],20.0|20.0,1234|0,Avanti EquiSPLASH 330731; LipidOracle theoretical CID v1
avanti_791646,18:1(d7) MAG,MG 18:1(9Z);d7/0:0/0:0,MG,C21H33D7O4,[2H]C([2H])([2H])C([2H])([2H])C([2H])([2H])CCCCC/C=C\CCCCCCCC(=O)OCC(O)CO,362.329321,[M-H]-,1,0,1,288.292541,18:1[d7],20,1234,Avanti EquiSPLASH 330731; LipidOracle theoretical CID v1
avanti_791645,18:1(d7) Chol Ester,CE 18:1(9Z);d7,CE,C45H71D7O2,[2H]C([2H])([2H])C([2H])([2H])C([2H])([2H])CCCCC/C=C\CCCCCCCC(=O)O[C@H]1CC[C@@]2(C)C(=CC[C@H]3[C@@H]4CC[C@H]([C@H](C)CCCC(C)C)[C@@]4(C)CC[C@@H]32)C1,658.651395,[M+H]+,1,0,1,369.351578|545.518395|640.640795,NL-chain-18:1<FA>|NL-C8H17[d7]|NL-H2O[d7],20.0|20.0|20.0,1234|0|0,Avanti EquiSPLASH 330731; LipidOracle theoretical CID v1
avanti_791645,18:1(d7) Chol Ester,CE 18:1(9Z);d7,CE,C45H71D7O2,[2H]C([2H])([2H])C([2H])([2H])C([2H])([2H])CCCCC/C=C\CCCCCCCC(=O)O[C@H]1CC[C@@]2(C)C(=CC[C@H]3[C@@H]4CC[C@H]([C@H](C)CCCC(C)C)[C@@]4(C)CC[C@@H]32)C1,656.636843,[M-H]-,1,0,1,288.292541,18:1[d7],20,1234,Avanti EquiSPLASH 330731; LipidOracle theoretical CID v1
avanti_791649,d18:1-18:1(d9) SM,SM;d9 d18:1/18:1(9Z),SM,C41H72D9N2O6P,[2H]C([2H])([2H])C([2H])([2H])C([2H])([2H])C([2H])([2H])CCCC/C=C\CCCCCCCC(=O)N[C@@H](COP(=O)([O-])OCC[N+](C)(C)C)[C@H](O)/C=C/CCCCCCCCCCCCC,738.646992,[M+H]+,1,0,2,193.129791|456.391112|702.625892|720.636392,PCho[d9]|NL-chain-d18:1<FA>+NL-chain-18:1<FA>[d9]|NL-2xH2O[d9]|NL-H2O[d9],100.0|30.0|5.0|20.0,0|1234|0|0,Avanti EquiSPLASH 330731; LipidOracle theoretical CID v1
avanti_791649,d18:1-18:1(d9) SM,SM;d9 d18:1/18:1(9Z),SM,C41H72D9N2O6P,[2H]C([2H])([2H])C([2H])([2H])C([2H])([2H])C([2H])([2H])CCCC/C=C\CCCCCCCC(=O)N[C@@H](COP(=O)([O-])OCC[N+](C)(C)C)[C@H](O)/C=C/CCCCCCCCCCCCC,736.63244,[M-H]-,1,0,2,281.248604,d18:1+18:1,40,1234,Avanti EquiSPLASH 330731; LipidOracle theoretical CID v1
avanti_860681,C15 Ceramide-d7,Cer;d7 d18:1/15:0,Cer,C33H58D7NO3,[2H]C([2H])([2H])C([2H])([2H])C([2H])([2H])CCCCCCCCCC/C=C/[C@@H](O)[C@H](CO)NC(=O)CCCCCCCCCCCCCC,531.547658,[M+H]+,1,0,2,271.312514|289.323078|458.472221|476.482721,sn1_d18:1-2(H2O)[d7]|sn1_d18:1-H2O[d7]|hg|hg,20.0|20.0|40.0|20.0,1|1|0|0,Avanti EquiSPLASH 330731; LipidOracle theoretical CID v1
avanti_860681,C15 Ceramide-d7,Cer;d7 d18:1/15:0,Cer,C33H58D7NO3,[2H]C([2H])([2H])C([2H])([2H])C([2H])([2H])CCCCCCCCCC/C=C/[C@@H](O)[C@H](CO)NC(=O)CCCCCCCCCCCCCC,529.533106,[M-H]-,1,0,2,266.248938,sn2-15:0,20,2,Avanti EquiSPLASH 330731; LipidOracle theoretical CID v1
