lib_id,name,species,class,formula,smiles,mass,adducts,score,rarity,chains,frag_mz,frag_label,frag_w,frag_type
avanti_330716,15:0-18:1 PC,PC 15:0/18:1(9Z),PC,C41H80NO8P,CCCCCCCC/C=C\CCCCCCCC(=O)O[C@H](COC(=O)CCCCCCCCCCCCCC)COP(=O)([O-])OCC[N+](C)(C)C,763.595982,[M+NH4]+,1,0,2,86.096400|104.107700|184.073300|482.324116,DehydroCho|Cho|PCho|NL-sn2-18:1<ketene>,20.0|20.0|100.0|40.0,0|0|0|2
avanti_330716,15:0-18:1 PC,PC 15:0/18:1(9Z),PC,C41H80NO8P,CCCCCCCC/C=C\CCCCCCCC(=O)O[C@H](COC(=O)CCCCCCCCCCCCCC)COP(=O)([O-])OCC[N+](C)(C)C,746.569432,[M+H]+,1,0,2,86.096400|104.107700|184.073300|482.324116,DehydroCho|Cho|PCho|NL-sn2-18:1<ketene>,20.0|20.0|100.0|40.0,0|0|0|2
avanti_330716,15:0-18:1 PC,PC 15:0/18:1(9Z),PC,C41H80NO8P,CCCCCCCC/C=C\CCCCCCCC(=O)O[C@H](COC(=O)CCCCCCCCCCCCCC)COP(=O)([O-])OCC[N+](C)(C)C,768.551377,[M+Na]+,1,0,2,86.096400|104.107700|184.073300|504.306060,DehydroCho|Cho|PCho|NL-sn2-18:1<ketene>,20.0|20.0|100.0|40.0,0|0|0|2
avanti_330716,15:0-18:1 PC,PC 15:0/18:1(9Z),PC,C41H80NO8P,CCCCCCCC/C=C\CCCCCCCC(=O)O[C@H](COC(=O)CCCCCCCCCCCCCC)COP(=O)([O-])OCC[N+](C)(C)C,744.554880,[M-H]-,1,0,2,78.959300|88.076800|168.043100|224.069300|241.217304|242.079900|281.248604|466.293913|506.325213|729.531379,PO3|Cho-CH3|PCho-CH3|NL-FA-CH3|15:0|GPCho-CH3|18:1|NL-18:1<ketene>|NL-15:0<ketene>|NL-CH3,20.0|20.0|20.0|20.0|20.0|20.0|40.0|20.0|20.0|20.0,0|0|0|0|1234|0|1234|2|2|0
avanti_845875,18:1 Lyso PC,LPC 18:1(9Z)/0:0,LPC,C26H52NO7P,CCCCCCCC/C=C\CCCCCCCC(=O)OC[C@@H](O)COP(=O)([O-])OCC[N+](C)(C)C,522.355416,[M+H]+,1,0,1,86.096400|104.107000|124.999700|184.073300|240.099536,DehydroCho|Cho|DimethylP|PCho|NL-chain-18:1<FA>,20.0|20.0|20.0|100.0|20.0,0|0|0|0|1234
avanti_845875,18:1 Lyso PC,LPC 18:1(9Z)/0:0,LPC,C26H52NO7P,CCCCCCCC/C=C\CCCCCCCC(=O)OC[C@@H](O)COP(=O)([O-])OCC[N+](C)(C)C,520.340864,[M-H]-,1,0,1,78.959300|88.076800|168.043100|224.069300|242.079900|281.248604|505.317364,PO3|Cho-CH3|PCho-CH3|NL-FA-CH3|GPCho-CH3|18:1|NL-CH3,20.0|20.0|20.0|20.0|20.0|20.0|20.0,0|0|0|0|0|1234|0
avanti_330717,15:0-18:1 PE,PE 15:0/18:1(9Z),PE,C38H74NO8P,CCCCCCCC/C=C\CCCCCCCC(=O)O[C@H](COC(=O)CCCCCCCCCCCCCC)COP(=O)([O-])OCC[NH3+],721.549031,[M+NH4]+,1,0,2,63.067900|142.026200|225.221292|230.078800|265.252592|563.499382,Eth|PEth|15:0<acylium>|GPEth-PO3-H2O|18:1<acylium>|NL-Eth-PO3,20.0|20.0|40.0|20.0|40.0|100.0,0|0|1234|0|1234|0
avanti_330717,15:0-18:1 PE,PE 15:0/18:1(9Z),PE,C38H74NO8P,CCCCCCCC/C=C\CCCCCCCC(=O)O[C@H](COC(=O)CCCCCCCCCCCCCC)COP(=O)([O-])OCC[NH3+],704.522481,[M+H]+,1,0,2,63.067900|142.026200|225.221292|230.078800|265.252592|563.499382,Eth|PEth|15:0<acylium>|GPEth-PO3-H2O|18:1<acylium>|NL-Eth-PO3,20.0|20.0|40.0|20.0|40.0|100.0,0|0|1234|0|1234|0
avanti_330717,15:0-18:1 PE,PE 15:0/18:1(9Z),PE,C38H74NO8P,CCCCCCCC/C=C\CCCCCCCC(=O)O[C@H](COC(=O)CCCCCCCCCCCCCC)COP(=O)([O-])OCC[NH3+],726.504426,[M+Na]+,1,0,2,63.067900|142.026200|225.221292|230.078800|265.252592|585.481326,Eth|PEth|15:0<acylium>|GPEth-PO3-H2O|18:1<acylium>|NL-Eth-PO3,20.0|20.0|40.0|20.0|40.0|100.0,0|0|1234|0|1234|0
avanti_330717,15:0-18:1 PE,PE 15:0/18:1(9Z),PE,C38H74NO8P,CCCCCCCC/C=C\CCCCCCCC(=O)O[C@H](COC(=O)CCCCCCCCCCCCCC)COP(=O)([O-])OCC[NH3+],702.507929,[M-H]-,1,0,2,60.045500|104.071700|140.011800|196.037400|214.048600|241.217304|281.248604|438.262613|478.293913|687.484429,Eth|DiEth|PEth|PEth-ethane|GlyPEth|15:0|18:1|NL-chain-18:1<ketene>|NL-chain-15:0<ketene>|NL-CH3,10.0|20.0|20.0|100.0|20.0|20.0|40.0|40.0|40.0|10.0,0|0|0|0|0|1234|1234|1234|1234|0
avanti_846725,18:1 Lyso PE,LPE 18:1(9Z)/0:0,LPE,C23H46NO7P,CCCCCCCC/C=C\CCCCCCCC(=O)OC[C@@H](O)COP(=O)([O-])OCC[NH3+],480.308466,[M+H]+,1,0,1,62.060000|198.052586|308.294766|339.285366|419.254366|462.297866,Eth|NL-chain-18:1<FA>|NL-Gly-PO3-H2O|NL-Eth-PO3|NL-Eth|NL-H2O,20.0|20.0|5.0|100.0|20.0|20.0,0|1234|0|0|0|0
avanti_846725,18:1 Lyso PE,LPE 18:1(9Z)/0:0,LPE,C23H46NO7P,CCCCCCCC/C=C\CCCCCCCC(=O)OC[C@@H](O)COP(=O)([O-])OCC[NH3+],478.293914,[M-H]-,1,0,1,60.045500|104.071700|140.011800|196.037400|281.248604|463.270413,Eth|DiEth|PEth|PEth-ethane|18:1|NL-CH3,20.0|20.0|20.0|100.0|20.0|20.0,0|0|0|0|1234|0
avanti_330718,15:0-18:1 PG,PG 15:0/18:1(9Z),PG,C39H75O10P,CCCCCCCC/C=C\CCCCCCCC(=O)O[C@H](COC(=O)CCCCCCCCCCCCCC)COP(=O)(O)OCC(O)CO,752.543612,[M+NH4]+,1,0,2,453.261182|493.292482,NL-chain-18:1<FA>|NL-chain-15:0<FA>,20.0|20.0,1234|1234
avanti_330718,15:0-18:1 PG,PG 15:0/18:1(9Z),PG,C39H75O10P,CCCCCCCC/C=C\CCCCCCCC(=O)O[C@H](COC(=O)CCCCCCCCCCCCCC)COP(=O)(O)OCC(O)CO,735.517062,[M+H]+,1,0,2,453.261182|493.292482,NL-chain-18:1<FA>|NL-chain-15:0<FA>,20.0|20.0,1234|1234
avanti_330718,15:0-18:1 PG,PG 15:0/18:1(9Z),PG,C39H75O10P,CCCCCCCC/C=C\CCCCCCCC(=O)O[C@H](COC(=O)CCCCCCCCCCCCCC)COP(=O)(O)OCC(O)CO,757.499007,[M+Na]+,1,0,2,475.243126|515.274426,NL-chain-18:1<FA>|NL-chain-15:0<FA>,20.0|20.0,1234|1234
avanti_330718,15:0-18:1 PG,PG 15:0/18:1(9Z),PG,C39H75O10P,CCCCCCCC/C=C\CCCCCCCC(=O)O[C@H](COC(=O)CCCCCCCCCCCCCC)COP(=O)(O)OCC(O)CO,733.502510,[M-H]-,1,0,2,91.040100|96.969400|171.006400|241.217304|281.248604|451.246629|491.277929,Gly|PO3|PGly|15:0|18:1|NL-chain-18:1<FA>|NL-chain-15:0<FA>,10.0|10.0|100.0|20.0|40.0|40.0|40.0,0|0|0|1234|1234|1234|1234
avanti_330720,15:0-18:1 PI,PI 15:0/18:1(9Z),PI,C42H79O13P,CCCCCCCC/C=C\CCCCCCCC(=O)O[C@H](COC(=O)CCCCCCCCCCCCCC)COP(=O)(O)O[C@H]1C(O)C(O)C(O)[C@@H](O)C1O,840.559656,[M+NH4]+,1,0,2,541.277226|563.503406|581.308526,NL-chain-18:1<FA>|NL PI|NL-chain-15:0<FA>,20.0|20.0|20.0,1234|0|1234
avanti_330720,15:0-18:1 PI,PI 15:0/18:1(9Z),PI,C42H79O13P,CCCCCCCC/C=C\CCCCCCCC(=O)O[C@H](COC(=O)CCCCCCCCCCCCCC)COP(=O)(O)O[C@H]1C(O)C(O)C(O)[C@@H](O)C1O,823.533106,[M+H]+,1,0,2,541.277226|563.503406|581.308526,NL-chain-18:1<FA>|NL PI|NL-chain-15:0<FA>,20.0|20.0|20.0,1234|0|1234
avanti_330720,15:0-18:1 PI,PI 15:0/18:1(9Z),PI,C42H79O13P,CCCCCCCC/C=C\CCCCCCCC(=O)O[C@H](COC(=O)CCCCCCCCCCCCCC)COP(=O)(O)O[C@H]1C(O)C(O)C(O)[C@@H](O)C1O,845.515051,[M+Na]+,1,0,2,563.259170|585.485350|603.290470,NL-chain-18:1<FA>|NL PI|NL-chain-15:0<FA>,20.0|20.0|20.0,1234|0|1234
avanti_330720,15:0-18:1 PI,PI 15:0/18:1(9Z),PI,C42H79O13P,CCCCCCCC/C=C\CCCCCCCC(=O)O[C@H](COC(=O)CCCCCCCCCCCCCC)COP(=O)(O)O[C@H]1C(O)C(O)C(O)[C@@H](O)C1O,821.518554,[M-H]-,1,0,2,78.959100|96.969600|152.995800|223.001300|241.011900|241.217304|259.022400|281.248604|297.037800|315.048200|539.262673|561.488853|579.293973|641.455153,PO3|H2PO4|GP-H2O|InsP-2H2O|InsP-H2O|15:0|InsP|18:1|GPIns-H2O|GPIns|NL-chain-18:1<FA>|NL-InsP|NL-chain-15:0<FA>|NL-Ins,10.0|10.0|10.0|10.0|20.0|20.0|10.0|40.0|10.0|20.0|40.0|10.0|40.0|10.0,0|0|0|0|0|1234|0|1234|0|0|1234|0|1234|0
avanti_330719,15:0-18:1 PS,PS 15:0/18:1(9Z),PS,C39H74NO10P,CCCCCCCC/C=C\CCCCCCCC(=O)O[C@H](COC(=O)CCCCCCCCCCCCCC)COP(=O)(O)OC[C@H]([NH3+])C(=O)[O-],765.538861,[M+NH4]+,1,0,2,106.050000|186.016200|225.221292|265.252592,Serine|PSer|15:0<acylium>|18:1<acylium>,10.0|10.0|40.0|40.0,0|0|1234|1234
avanti_330719,15:0-18:1 PS,PS 15:0/18:1(9Z),PS,C39H74NO10P,CCCCCCCC/C=C\CCCCCCCC(=O)O[C@H](COC(=O)CCCCCCCCCCCCCC)COP(=O)(O)OC[C@H]([NH3+])C(=O)[O-],748.512311,[M+H]+,1,0,2,106.050000|186.016200|225.221292|265.252592,Serine|PSer|15:0<acylium>|18:1<acylium>,10.0|10.0|40.0|40.0,0|0|1234|1234
avanti_330719,15:0-18:1 PS,PS 15:0/18:1(9Z),PS,C39H74NO10P,CCCCCCCC/C=C\CCCCCCCC(=O)O[C@H](COC(=O)CCCCCCCCCCCCCC)COP(=O)(O)OC[C@H]([NH3+])C(=O)[O-],770.494256,[M+Na]+,1,0,2,106.050000|186.016200|225.221292|265.252592,Serine|PSer|15:0<acylium>|18:1<acylium>,10.0|10.0|40.0|40.0,0|0|1234|1234
avanti_330719,15:0-18:1 PS,PS 15:0/18:1(9Z),PS,C39H74NO10P,CCCCCCCC/C=C\CCCCCCCC(=O)O[C@H](COC(=O)CCCCCCCCCCCCCC)COP(=O)(O)OC[C@H]([NH3+])C(=O)[O-],746.497759,[M-H]-,1,0,2,78.959300|96.969400|104.035300|152.995200|184.001600|240.027900|241.217304|281.248604|464.241878|504.273178|659.465758,PO3|H2PO4|Serine|PS-H2O|PSer|GPSerine|15:0|18:1|NL-chain-18:1<FA>|NL-chain-15:0<FA>|NL-Serine,10.0|10.0|10.0|10.0|20.0|10.0|20.0|40.0|40.0|40.0|100.0,0|0|0|0|0|0|1234|1234|1234|1234|0
avanti_330723,15:0-18:1-15:0 TG,TG 15:0/18:1(9Z)/15:0,TG,C51H96O6,CCCCCCCC/C=C\CCCCCCCC(=O)OC(COC(=O)CCCCCCCCCCCCCC)COC(=O)CCCCCCCCCCCCCC,805.727967,[M+H]+,1,0,3,523.472087|563.503387,NL-chain-18:1<FA>|NL-chain-15:0<FA>,40.0|60.0,1234|1234
avanti_330723,15:0-18:1-15:0 TG,TG 15:0/18:1(9Z)/15:0,TG,C51H96O6,CCCCCCCC/C=C\CCCCCCCC(=O)OC(COC(=O)CCCCCCCCCCCCCC)COC(=O)CCCCCCCCCCCCCC,827.709912,[M+Na]+,1,0,3,545.454031|585.485331,NL-chain-18:1<FA>|NL-chain-15:0<FA>,40.0|60.0,1234|1234
avanti_330723,15:0-18:1-15:0 TG,TG 15:0/18:1(9Z)/15:0,TG,C51H96O6,CCCCCCCC/C=C\CCCCCCCC(=O)OC(COC(=O)CCCCCCCCCCCCCC)COC(=O)CCCCCCCCCCCCCC,803.713415,[M-H]-,1,0,3,241.217304|281.248604,15:0|18:1,30.0|40.0,1234|1234
avanti_330722,15:0-18:1 DG,DG 15:0/18:1(9Z)/0:0,DG,C36H68O5,CCCCCCCC/C=C\CCCCCCCC(=O)O[C@@H](CO)COC(=O)CCCCCCCCCCCCCC,598.540501,[M+NH4]+,1,0,2,299.258071|339.289372|563.503352,NL-chain-18:1<FA>|NL-chain-15:0<FA>|NL-H2O,40.0|40.0|20.0,1234|1234|0
avanti_330722,15:0-18:1 DG,DG 15:0/18:1(9Z)/0:0,DG,C36H68O5,CCCCCCCC/C=C\CCCCCCCC(=O)O[C@@H](CO)COC(=O)CCCCCCCCCCCCCC,581.513951,[M+H]+,1,0,2,299.258071|339.289372|563.503352,NL-chain-18:1<FA>|NL-chain-15:0<FA>|NL-H2O,40.0|40.0|20.0,1234|1234|0
avanti_330722,15:0-18:1 DG,DG 15:0/18:1(9Z)/0:0,DG,C36H68O5,CCCCCCCC/C=C\CCCCCCCC(=O)O[C@@H](CO)COC(=O)CCCCCCCCCCCCCC,603.495896,[M+Na]+,1,0,2,321.240015|361.271316|585.485296,NL-chain-18:1<FA>|NL-chain-15:0<FA>|NL-H2O,40.0|40.0|20.0,1234|1234|0
avanti_330722,15:0-18:1 DG,DG 15:0/18:1(9Z)/0:0,DG,C36H68O5,CCCCCCCC/C=C\CCCCCCCC(=O)O[C@@H](CO)COC(=O)CCCCCCCCCCCCCC,579.499399,[M-H]-,1,0,2,241.217304|281.248604,15:0|18:1,20.0|40.0,1234|1234
avanti_330724,18:1 MG,MG 18:1(9Z)/0:0/0:0,MG,C21H40O4,CCCCCCCC/C=C\CCCCCCCC(=O)OCC(O)CO,374.326486,[M+NH4]+,1,0,1,75.044056|339.289336,NL-chain-18:1<FA>|NL-H2O,20.0|20.0,1234|0
avanti_330724,18:1 MG,MG 18:1(9Z)/0:0/0:0,MG,C21H40O4,CCCCCCCC/C=C\CCCCCCCC(=O)OCC(O)CO,357.299936,[M+H]+,1,0,1,75.044056|339.289336,NL-chain-18:1<FA>|NL-H2O,20.0|20.0,1234|0
avanti_330724,18:1 MG,MG 18:1(9Z)/0:0/0:0,MG,C21H40O4,CCCCCCCC/C=C\CCCCCCCC(=O)OCC(O)CO,355.285384,[M-H]-,1,0,1,281.248604,18:01,20,1234
avanti_700269,18:1 Chol Ester,CE 18:1(9Z),CE,C45H78O2,CCCCCCCC/C=C\CCCCCCCC(=O)O[C@H]1CC[C@@]2(C)C(=CCC3C4CCC([C@H](C)CCCC(C)C)[C@@]4(C)CCC32)C1,651.607458,[M+H]+,1,0,1,369.351578|538.474458|633.596858,NL-chain-18:1<FA>|NL-C8H17|NL-H2O,20.0|20.0|20.0,1234|0|0
avanti_700269,18:1 Chol Ester,CE 18:1(9Z),CE,C45H78O2,CCCCCCCC/C=C\CCCCCCCC(=O)O[C@H]1CC[C@@]2(C)C(=CCC3C4CCC([C@H](C)CCCC(C)C)[C@@]4(C)CCC32)C1,649.592906,[M-H]-,1,0,1,281.248604,18:01,20,1234
avanti_860587,d18:1-18:1 SM,SM d18:1/18:1(9Z),SM,C41H81N2O6P,CCCCCCCC/C=C\CCCCCCCC(=O)N[C@@H](COP(=O)([O-])OCC[N+](C)(C)C)[C@H](O)/C=C/CCCCCCCCCCCCC,729.590501,[M+H]+,1,0,2,184.073300|447.334621|693.569402|711.579902,PCho|NL-chain-d18:1<FA>+NL-chain-18:1<FA>|NL-2xH2O|NL-H2O,100.0|30.0|5.0|20.0,0|1234|0|0
avanti_860587,d18:1-18:1 SM,SM d18:1/18:1(9Z),SM,C41H81N2O6P,CCCCCCCC/C=C\CCCCCCCC(=O)N[C@@H](COP(=O)([O-])OCC[N+](C)(C)C)[C@H](O)/C=C/CCCCCCCCCCCCC,727.575949,[M-H]-,1,0,2,281.248604,d18:1+18:1,40,1234
avanti_330730,C15 Ceramide (d18:1/15:0),Cer d18:1/15:0,Cer,C33H65NO3,CCCCCCCCCCCCC/C=C/[C@@H](O)[C@H](CO)NC(=O)CCCCCCCCCCCCCC,524.503721,[M+H]+,1,0,2,264.268577|282.279141|458.472221|476.482721,sn1_d18:1-2(H2O)|sn1_d18:1-H2O|hg|hg,20.0|20.0|40.0|20.0,1|1|0|0
avanti_330730,C15 Ceramide (d18:1/15:0),Cer d18:1/15:0,Cer,C33H65NO3,CCCCCCCCCCCCC/C=C/[C@@H](O)[C@H](CO)NC(=O)CCCCCCCCCCCCCC,522.489169,[M-H]-,1,0,2,266.248938,sn2-15:0,20,2
